{
"T":298.15,
"pH":0,
"p_O2":1,
"RF":1.3,
"eta":[0.2,
0.21000000000000002,
0.22,
0.23,
0.24000000000000002,
0.25,
0.26,
0.27,
0.28,
0.29000000000000004,
0.30000000000000004,
0.31,
0.32,
0.33,
0.34,
0.35,
0.36,
0.37,
0.38,
0.39,
0.4,
0.41000000000000003,
0.42,
0.43,
0.44,
0.45,
0.46,
0.47,
0.48,
0.49,
0.5],
"G_OH":0.7,
"Ga1_eq":0.37,
"Ga2_eq":0.26,
"Ga3_eq":0.26,
"Ga4_eq":0.26,
"belta_1":0.5,
"belta_2":0.5,
"belta_3":0.5,
"belta_4":0.5
}