{
  "eta": [
    0.21000000000000002,
    0.22,
    0.23,
    0.24000000000000002,
    0.25,
    0.26,
    0.27,
    0.28,
    0.29000000000000004,
    0.30000000000000004,
    0.31,
    0.32,
    0.33,
    0.34,
    0.35,
    0.36,
    0.37,
    0.38,
    0.39,
    0.4,
    0.41000000000000003,
    0.42,
    0.43,
    0.44,
    0.45,
    0.46,
    0.47,
    0.48,
    0.49,
    0.5
  ],
  "j0": [
    5.937807917669099E-11,
    6.11580789115049E-11,
    6.3990194454010628E-11,
    6.8557298952066233E-11,
    7.6082332887699692E-11,
    8.889682306707908E-11,
    1.1181065123370506E-10,
    1.557324675222945E-10,
    2.4823982949462421E-10,
    4.6777553765550369E-10,
    1.0653815455456938E-9,
    2.929216238890693E-9,
    9.38291782937733E-9,
    3.2640491244586647E-8,
    1.1270574162020388E-7,
    3.5485999537666345E-7,
    9.6103700273220256E-7,
    2.1861050809401684E-6,
    4.2018690316981749E-6,
    6.9960990264161095E-6,
    1.043555923167744E-5,
    1.4456361468425103E-5,
    1.92784860416223E-5,
    2.5658253613549324E-5,
    3.5407621348546543E-5,
    5.2870107508152622E-5,
    8.97034880519581E-5,
    0.00018264265976819841,
    0.00047153332560977547,
    0.0016124064739175697
  ],
  "alpha": [
    2.4943251657725267,
    2.4907116504644904,
    2.4854253407225064,
    2.4777246695143691,
    2.4665761489567277,
    2.45057972317386,
    2.4279190215429569,
    2.396391804085217,
    2.3536107774766704,
    2.2974804519417398,
    2.226992283213808,
    2.1431723899937793,
    2.0497079959107185,
    1.9526525091509883,
    1.8590134788548134,
    1.7748238081471197,
    1.7037240505438405,
    1.6466572961039236,
    1.602481349222761,
    1.5688967564550207,
    1.5432140980766929,
    1.5227917302706464,
    1.5051837384865905,
    1.4881035141588779,
    1.4692985911315424,
    1.446409923811502,
    1.4168833441744579,
    1.3780173161975582,
    1.3272525959096837,
    1.2627889139590767
  ],
  "cov_OOH": [
    3.6484947789134921E-16,
    6.4104784670331047E-16,
    1.4242817832021298E-15,
    3.522345086646689E-15,
    9.0264087750653612E-15,
    2.3289796432674931E-14,
    5.9810536318094192E-14,
    1.5192177328791835E-13,
    3.7966864895453414E-13,
    9.2844280145630663E-13,
    2.2090564995939148E-12,
    5.0873837036531985E-12,
    1.1297548507827081E-11,
    2.4158380159656152E-11,
    4.9810679465645892E-11,
    9.9390626185785132E-11,
    1.9290764031056663E-10,
    3.6619014608119897E-10,
    6.8327606765565673E-10,
    1.2583704119667913E-9,
    2.2944536689547465E-9,
    4.1504750939127332E-9,
    7.4565821961324552E-9,
    1.3307439512954643E-8,
    2.3576011582049505E-8,
    4.1397773493207573E-8,
    7.18608493816001E-8,
    1.2286767685236288E-7,
    2.0596882223773639E-7,
    3.367193992339226E-7
  ],
  "cov_O": [
    0.29722704703008562,
    0.29592418564789813,
    0.29402148752925178,
    0.29125679166357343,
    0.28726892884568461,
    0.28157716474675604,
    0.27357472267417704,
    0.26255822544046648,
    0.24782454491247097,
    0.22886313920984436,
    0.20563345462978794,
    0.17883207295779291,
    0.14996914216352189,
    0.12110400038172689,
    0.094296647382263288,
    0.071058861753173358,
    0.052089068425081077,
    0.03734817020919258,
    0.026326519175712344,
    0.018321464039139469,
    0.012629944067080906,
    0.0086455755277890737,
    0.0058882763649120177,
    0.0039979286883175926,
    0.0027139295214173146,
    0.0018523851623300372,
    0.001285935547223054,
    0.00092754597876991689,
    0.00071797541018134238,
    0.00061615535737287994
  ],
  "cov_OH": [
    0.0027729422741012292,
    0.0040757911427145013,
    0.0059784622110431633,
    0.0087430998252544054,
    0.012730837892102867,
    0.018422336931044808,
    0.026424222099949251,
    0.037439567311437244,
    0.052170914364561331,
    0.071127721543880237,
    0.094348648373051416,
    0.12113400509866462,
    0.14996885926101486,
    0.17878688672568044,
    0.20551819510717179,
    0.22863706734708741,
    0.24742520773790644,
    0.26189297758606173,
    0.27250812830000726,
    0.27991217204329233,
    0.28471934990660863,
    0.28740811912562442,
    0.28827669083307628,
    0.28743152249917403,
    0.284789376538103,
    0.28008783390194719,
    0.27291294348716666,
    0.26276509528329256,
    0.24918991386859415,
    0.2319858633322473
  ]
}